{"cameraMode":{"drawMode":0,"name":"Shaded","section":"Shading Mode"},"sceneLighting":true,"audioPlay":false,"sceneViewState":{"m_AlwaysRefresh":false,"showFog":false,"showSkybox":false,"showFlares":false,"showImageEffects":false,"showParticleSystems":false,"showVisualEffectGraphs":true,"m_FxEnabled":false},"in2DMode":false,"pivot":{"x":-0.007068932056427002,"y":0.009547829627990723,"z":0.010906338691711426},"rotation":{"x":0.11808474361896515,"y":-0.04853587970137596,"z":0.005776426754891872,"w":0.9918237328529358},"size":2.8984861373901369,"orthographic":false}